Smell Type,Smell Name,Description,File Path,Module/Class,Line Number,Severity
Code Smell,Potential Divergent Change,Class 'LargeClass' at line 1 in sample_project\module1.py,sample_project\module1.py,LargeClass,1,
Code Smell,Dead Code,Unused function 'data_clumps' in sample_project\module1.py,sample_project\module1.py,data_clumps,,
Code Smell,Dead Code,Unused function 'primitive_obsession' in sample_project\module1.py,sample_project\module1.py,primitive_obsession,,
Code Smell,Dead Code,Unused function 'long_parameter_list' in sample_project\module1.py,sample_project\module1.py,long_parameter_list,,
Code Smell,Dead Code,Unused function 'switch_statements' in sample_project\module1.py,sample_project\module1.py,switch_statements,,
Code Smell,Dead Code,Unused function 'long_method' in sample_project\module1.py,sample_project\module1.py,long_method,,
Code Smell,Speculative Generality,Abstract class 'LargeClass' at line 1 in sample_project\module1.py,sample_project\module1.py,LargeClass,1,
Code Smell,Large Class,'DataClassWithManyFields' in sample_project\module10.py at line 1,sample_project\module10.py,DataClassWithManyFields,1,
Code Smell,Temporary Field,self in class 'DataClassWithManyFields' at line 1 in sample_project\module10.py,sample_project\module10.py,DataClassWithManyFields,1,
Code Smell,Temporary Field,"self, y in class 'CyclicDependencyX' at line 1 in sample_project\module11.py",sample_project\module11.py,CyclicDependencyX,1,
Code Smell,Temporary Field,"self, x in class 'CyclicDependencyY' at line 5 in sample_project\module11.py",sample_project\module11.py,CyclicDependencyY,5,
Code Smell,Temporary Field,self in class 'UnstableDependencyClass' at line 9 in sample_project\module11.py,sample_project\module11.py,UnstableDependencyClass,9,
Code Smell,Alternative Classes with Different Interfaces,"CyclicDependencyX, CyclicDependencyY in sample_project\module11.py",sample_project\module11.py,"CyclicDependencyX, CyclicDependencyY",,
Code Smell,Lazy Class,'CyclicDependencyX' at line 1 in sample_project\module11.py,sample_project\module11.py,CyclicDependencyX,1,
Code Smell,Lazy Class,'CyclicDependencyY' at line 5 in sample_project\module11.py,sample_project\module11.py,CyclicDependencyY,5,
Code Smell,Lazy Class,'UnstableDependencyClass' at line 9 in sample_project\module11.py,sample_project\module11.py,UnstableDependencyClass,9,
Code Smell,Large Class,'HighNumberOfMethods' in sample_project\module12.py at line 1,sample_project\module12.py,HighNumberOfMethods,1,
Code Smell,Potential Divergent Change,Class 'HighNumberOfMethods' at line 1 in sample_project\module12.py,sample_project\module12.py,HighNumberOfMethods,1,
Code Smell,Speculative Generality,Abstract class 'HighNumberOfMethods' at line 1 in sample_project\module12.py,sample_project\module12.py,HighNumberOfMethods,1,
Code Smell,Temporary Field,self in class 'TemporaryField' at line 1 in sample_project\module2.py,sample_project\module2.py,TemporaryField,1,
Code Smell,Temporary Field,self in class 'FeatureEnvy' at line 59 in sample_project\module2.py,sample_project\module2.py,FeatureEnvy,59,
Code Smell,Temporary Field,self in class 'DataClass' at line 66 in sample_project\module2.py,sample_project\module2.py,DataClass,66,
Code Smell,Temporary Field,self in class 'MiddleMan' at line 87 in sample_project\module2.py,sample_project\module2.py,MiddleMan,87,
Code Smell,Alternative Classes with Different Interfaces,"TemporaryField, MiddleMan in sample_project\module2.py",sample_project\module2.py,"TemporaryField, MiddleMan",,
Code Smell,Alternative Classes with Different Interfaces,"RefusedBequestChild, LazyClass in sample_project\module2.py",sample_project\module2.py,"RefusedBequestChild, LazyClass",,
Code Smell,Dead Code,Unused function 'shotgun_surgery' in sample_project\module2.py,sample_project\module2.py,shotgun_surgery,,
Code Smell,Lazy Class,'TemporaryField' at line 1 in sample_project\module2.py,sample_project\module2.py,TemporaryField,1,
Code Smell,Lazy Class,'RefusedBequestParent' at line 11 in sample_project\module2.py,sample_project\module2.py,RefusedBequestParent,11,
Code Smell,Lazy Class,'RefusedBequestChild' at line 21 in sample_project\module2.py,sample_project\module2.py,RefusedBequestChild,21,
Code Smell,Lazy Class,'AlternativeClass1' at line 25 in sample_project\module2.py,sample_project\module2.py,AlternativeClass1,25,
Code Smell,Lazy Class,'AlternativeClass2' at line 32 in sample_project\module2.py,sample_project\module2.py,AlternativeClass2,32,
Code Smell,Lazy Class,'FeatureEnvy' at line 59 in sample_project\module2.py,sample_project\module2.py,FeatureEnvy,59,
Code Smell,Lazy Class,'LazyClass' at line 83 in sample_project\module2.py,sample_project\module2.py,LazyClass,83,
Code Smell,Lazy Class,'MiddleMan' at line 87 in sample_project\module2.py,sample_project\module2.py,MiddleMan,87,
Code Smell,Speculative Generality,Abstract class 'RefusedBequestParent' at line 11 in sample_project\module2.py,sample_project\module2.py,RefusedBequestParent,11,
Code Smell,Speculative Generality,Abstract class 'RefusedBequestChild' at line 21 in sample_project\module2.py,sample_project\module2.py,RefusedBequestChild,21,
Code Smell,Speculative Generality,Abstract class 'AlternativeClass1' at line 25 in sample_project\module2.py,sample_project\module2.py,AlternativeClass1,25,
Code Smell,Speculative Generality,Abstract class 'AlternativeClass2' at line 32 in sample_project\module2.py,sample_project\module2.py,AlternativeClass2,32,
Code Smell,Speculative Generality,Abstract class 'DivergentChange' at line 39 in sample_project\module2.py,sample_project\module2.py,DivergentChange,39,
Code Smell,Speculative Generality,Abstract class 'LazyClass' at line 83 in sample_project\module2.py,sample_project\module2.py,LazyClass,83,
Code Smell,Middle Man,Class 'MiddleMan' at line 87 in sample_project\module2.py,sample_project\module2.py,MiddleMan,87,
Code Smell,Large Class,'GodObject' in sample_project\module3.py at line 19,sample_project\module3.py,GodObject,19,
Code Smell,Temporary Field,"self, dep1, dep3, dep2 in class 'HubLikeDependency' at line 1 in sample_project\module3.py",sample_project\module3.py,HubLikeDependency,1,
Code Smell,Temporary Field,"self, b in class 'CyclicDependencyA' at line 90 in sample_project\module3.py",sample_project\module3.py,CyclicDependencyA,90,
Code Smell,Temporary Field,"self, a in class 'CyclicDependencyB' at line 94 in sample_project\module3.py",sample_project\module3.py,CyclicDependencyB,94,
Code Smell,Temporary Field,"self, dep in class 'UnstableDependency' at line 98 in sample_project\module3.py",sample_project\module3.py,UnstableDependency,98,
Code Smell,Alternative Classes with Different Interfaces,"HubLikeDependency, CyclicDependencyA, CyclicDependencyB, UnstableDependency in sample_project\module3.py",sample_project\module3.py,"HubLikeDependency, CyclicDependencyA, CyclicDependencyB, UnstableDependency",,
Code Smell,Potential Divergent Change,Class 'GodObject' at line 19 in sample_project\module3.py,sample_project\module3.py,GodObject,19,
Code Smell,Dead Code,Unused function 'redundant_abstraction1' in sample_project\module3.py,sample_project\module3.py,redundant_abstraction1,,
Code Smell,Dead Code,Unused function 'redundant_abstraction2' in sample_project\module3.py,sample_project\module3.py,redundant_abstraction2,,
Code Smell,Dead Code,Unused function 'scattered_functionality1' in sample_project\module3.py,sample_project\module3.py,scattered_functionality1,,
Code Smell,Dead Code,Unused function 'scattered_functionality2' in sample_project\module3.py,sample_project\module3.py,scattered_functionality2,,
Code Smell,Dead Code,Unused function 'improper_api_usage' in sample_project\module3.py,sample_project\module3.py,improper_api_usage,,
Code Smell,Lazy Class,'HubLikeDependency' at line 1 in sample_project\module3.py,sample_project\module3.py,HubLikeDependency,1,
Code Smell,Lazy Class,'OrphanModule' at line 87 in sample_project\module3.py,sample_project\module3.py,OrphanModule,87,
Code Smell,Lazy Class,'CyclicDependencyA' at line 90 in sample_project\module3.py,sample_project\module3.py,CyclicDependencyA,90,
Code Smell,Lazy Class,'CyclicDependencyB' at line 94 in sample_project\module3.py,sample_project\module3.py,CyclicDependencyB,94,
Code Smell,Lazy Class,'UnstableDependency' at line 98 in sample_project\module3.py,sample_project\module3.py,UnstableDependency,98,
Code Smell,Speculative Generality,Abstract class 'GodObject' at line 19 in sample_project\module3.py,sample_project\module3.py,GodObject,19,
Code Smell,Temporary Field,self in class 'ComplexClass' at line 1 in sample_project\module4.py,sample_project\module4.py,ComplexClass,1,
Code Smell,Temporary Field,self in class 'InconsistentNaming' at line 19 in sample_project\module4.py,sample_project\module4.py,InconsistentNaming,19,
Code Smell,Dead Code,Unused function 'long_chain_of_calls' in sample_project\module4.py,sample_project\module4.py,long_chain_of_calls,,
Code Smell,Lazy Class,'ComplexClass' at line 1 in sample_project\module4.py,sample_project\module4.py,ComplexClass,1,
Code Smell,Lazy Class,'UnusedClass' at line 42 in sample_project\module4.py,sample_project\module4.py,UnusedClass,42,
Code Smell,Speculative Generality,Abstract class 'UnusedClass' at line 42 in sample_project\module4.py,sample_project\module4.py,UnusedClass,42,
Code Smell,Temporary Field,self in class 'HighCoupling' at line 21 in sample_project\module5.py,sample_project\module5.py,HighCoupling,21,
Code Smell,Lazy Class,'DeepInheritance1' at line 1 in sample_project\module5.py,sample_project\module5.py,DeepInheritance1,1,
Code Smell,Lazy Class,'DeepInheritance2' at line 5 in sample_project\module5.py,sample_project\module5.py,DeepInheritance2,5,
Code Smell,Lazy Class,'DeepInheritance3' at line 9 in sample_project\module5.py,sample_project\module5.py,DeepInheritance3,9,
Code Smell,Lazy Class,'DeepInheritance4' at line 13 in sample_project\module5.py,sample_project\module5.py,DeepInheritance4,13,
Code Smell,Lazy Class,'DeepInheritance5' at line 17 in sample_project\module5.py,sample_project\module5.py,DeepInheritance5,17,
Code Smell,Lazy Class,'HighCoupling' at line 21 in sample_project\module5.py,sample_project\module5.py,HighCoupling,21,
Code Smell,Lazy Class,'LargeMethod' at line 36 in sample_project\module5.py,sample_project\module5.py,LargeMethod,36,
Code Smell,Speculative Generality,Abstract class 'DeepInheritance1' at line 1 in sample_project\module5.py,sample_project\module5.py,DeepInheritance1,1,
Code Smell,Speculative Generality,Abstract class 'DeepInheritance2' at line 5 in sample_project\module5.py,sample_project\module5.py,DeepInheritance2,5,
Code Smell,Speculative Generality,Abstract class 'DeepInheritance3' at line 9 in sample_project\module5.py,sample_project\module5.py,DeepInheritance3,9,
Code Smell,Speculative Generality,Abstract class 'DeepInheritance4' at line 13 in sample_project\module5.py,sample_project\module5.py,DeepInheritance4,13,
Code Smell,Speculative Generality,Abstract class 'DeepInheritance5' at line 17 in sample_project\module5.py,sample_project\module5.py,DeepInheritance5,17,
Code Smell,Temporary Field,self in class 'HighFanOut' at line 24 in sample_project\module6.py,sample_project\module6.py,HighFanOut,24,
Code Smell,Lazy Class,'HighCyclomaticComplexity' at line 1 in sample_project\module6.py,sample_project\module6.py,HighCyclomaticComplexity,1,
Code Smell,Lazy Class,'HighFanOut' at line 24 in sample_project\module6.py,sample_project\module6.py,HighFanOut,24,
Code Smell,Large Class,'GodClass' in sample_project\module7.py at line 1,sample_project\module7.py,GodClass,1,
Code Smell,Temporary Field,self in class 'GodClass' at line 1 in sample_project\module7.py,sample_project\module7.py,GodClass,1,
Code Smell,Potential Divergent Change,Class 'GodClass' at line 1 in sample_project\module7.py,sample_project\module7.py,GodClass,1,
Code Smell,Large Class,'LargeClassWithManyMethods' in sample_project\module8.py at line 1,sample_project\module8.py,LargeClassWithManyMethods,1,
Code Smell,Potential Divergent Change,Class 'LargeClassWithManyMethods' at line 1 in sample_project\module8.py,sample_project\module8.py,LargeClassWithManyMethods,1,
Code Smell,Speculative Generality,Abstract class 'LargeClassWithManyMethods' at line 1 in sample_project\module8.py,sample_project\module8.py,LargeClassWithManyMethods,1,
Code Smell,Temporary Field,self in class 'HighCouplingClass' at line 1 in sample_project\module9.py,sample_project\module9.py,HighCouplingClass,1,
Code Smell,Temporary Field,self in class 'HighFanIn' at line 26 in sample_project\module9.py,sample_project\module9.py,HighFanIn,26,
Code Smell,Lazy Class,'HighCouplingClass' at line 1 in sample_project\module9.py,sample_project\module9.py,HighCouplingClass,1,
Code Smell,Excessive Comments,Excessive Comments detected in sample_project\__init__.py,sample_project\__init__.py,,,
Code Smell,Temporary Field,self in class 'Module1' at line 3 in sample_project\architectural_smells\cyclic_dependencies.py,sample_project\architectural_smells\cyclic_dependencies.py,Module1,3,
Code Smell,Temporary Field,self in class 'Module2' at line 10 in sample_project\architectural_smells\cyclic_dependencies.py,sample_project\architectural_smells\cyclic_dependencies.py,Module2,10,
Code Smell,Alternative Classes with Different Interfaces,"Module1, Module2 in sample_project\architectural_smells\cyclic_dependencies.py",sample_project\architectural_smells\cyclic_dependencies.py,"Module1, Module2",,
Code Smell,Lazy Class,'Module1' at line 3 in sample_project\architectural_smells\cyclic_dependencies.py,sample_project\architectural_smells\cyclic_dependencies.py,Module1,3,
Code Smell,Lazy Class,'Module2' at line 10 in sample_project\architectural_smells\cyclic_dependencies.py,sample_project\architectural_smells\cyclic_dependencies.py,Module2,10,
Code Smell,Large Class,'GodObject' in sample_project\architectural_smells\god_objects.py at line 1,sample_project\architectural_smells\god_objects.py,GodObject,1,
Code Smell,Potential Divergent Change,Class 'GodObject' at line 1 in sample_project\architectural_smells\god_objects.py,sample_project\architectural_smells\god_objects.py,GodObject,1,
Code Smell,Speculative Generality,Abstract class 'GodObject' at line 1 in sample_project\architectural_smells\god_objects.py,sample_project\architectural_smells\god_objects.py,GodObject,1,
Code Smell,Temporary Field,self in class 'Hub' at line 1 in sample_project\architectural_smells\hub_like_dependency.py,sample_project\architectural_smells\hub_like_dependency.py,Hub,1,
Code Smell,Alternative Classes with Different Interfaces,"Dependency1, Dependency2, Dependency3 in sample_project\architectural_smells\hub_like_dependency.py",sample_project\architectural_smells\hub_like_dependency.py,"Dependency1, Dependency2, Dependency3",,
Code Smell,Lazy Class,'Hub' at line 1 in sample_project\architectural_smells\hub_like_dependency.py,sample_project\architectural_smells\hub_like_dependency.py,Hub,1,
Code Smell,Lazy Class,'Dependency1' at line 7 in sample_project\architectural_smells\hub_like_dependency.py,sample_project\architectural_smells\hub_like_dependency.py,Dependency1,7,
Code Smell,Lazy Class,'Dependency2' at line 8 in sample_project\architectural_smells\hub_like_dependency.py,sample_project\architectural_smells\hub_like_dependency.py,Dependency2,8,
Code Smell,Lazy Class,'Dependency3' at line 9 in sample_project\architectural_smells\hub_like_dependency.py,sample_project\architectural_smells\hub_like_dependency.py,Dependency3,9,
Code Smell,Lazy Class,'ImproperAPIUsage' at line 1 in sample_project\architectural_smells\improper_api_usage.py,sample_project\architectural_smells\improper_api_usage.py,ImproperAPIUsage,1,
Code Smell,Lazy Class,'OrphanModule' at line 1 in sample_project\architectural_smells\orphan_modules.py,sample_project\architectural_smells\orphan_modules.py,OrphanModule,1,
Code Smell,Speculative Generality,Abstract class 'OrphanModule' at line 1 in sample_project\architectural_smells\orphan_modules.py,sample_project\architectural_smells\orphan_modules.py,OrphanModule,1,
Code Smell,Dead Code,Unused function 'function2' in sample_project\architectural_smells\redundant_abstractions.py,sample_project\architectural_smells\redundant_abstractions.py,function2,,
Code Smell,Dead Code,Unused function 'function1' in sample_project\architectural_smells\redundant_abstractions.py,sample_project\architectural_smells\redundant_abstractions.py,function1,,
Code Smell,Duplicate Code,"Functions common_function, common_function in sample_project\architectural_smells\scattered_functionality.py",sample_project\architectural_smells\scattered_functionality.py,"common_function, common_function",,
Code Smell,Dead Code,Unused function 'common_function' in sample_project\architectural_smells\scattered_functionality.py,sample_project\architectural_smells\scattered_functionality.py,common_function,,
Code Smell,Lazy Class,'ClassA' at line 1 in sample_project\code_smells\alternative_classes.py,sample_project\code_smells\alternative_classes.py,ClassA,1,
Code Smell,Lazy Class,'ClassB' at line 5 in sample_project\code_smells\alternative_classes.py,sample_project\code_smells\alternative_classes.py,ClassB,5,
Code Smell,Speculative Generality,Abstract class 'ClassA' at line 1 in sample_project\code_smells\alternative_classes.py,sample_project\code_smells\alternative_classes.py,ClassA,1,
Code Smell,Speculative Generality,Abstract class 'ClassB' at line 5 in sample_project\code_smells\alternative_classes.py,sample_project\code_smells\alternative_classes.py,ClassB,5,
Code Smell,Temporary Field,self in class 'DataClass' at line 1 in sample_project\code_smells\data_class.py,sample_project\code_smells\data_class.py,DataClass,1,
Code Smell,Lazy Class,'DataClass' at line 1 in sample_project\code_smells\data_class.py,sample_project\code_smells\data_class.py,DataClass,1,
Code Smell,Data Clumps,"Parameters a, b, c appear together in functions: function1, function2 in sample_project\code_smells\data_clumps.py",sample_project\code_smells\data_clumps.py,"function1, function2",,
Code Smell,Dead Code,Unused function 'function2' in sample_project\code_smells\data_clumps.py,sample_project\code_smells\data_clumps.py,function2,,
Code Smell,Dead Code,Unused function 'function1' in sample_project\code_smells\data_clumps.py,sample_project\code_smells\data_clumps.py,function1,,
Code Smell,Speculative Generality,Abstract class 'DivergentChange' at line 1 in sample_project\code_smells\divergent_change.py,sample_project\code_smells\divergent_change.py,DivergentChange,1,
Code Smell,Temporary Field,self in class 'FeatureEnvy' at line 1 in sample_project\code_smells\feature_envy.py,sample_project\code_smells\feature_envy.py,FeatureEnvy,1,
Code Smell,Lazy Class,'FeatureEnvy' at line 1 in sample_project\code_smells\feature_envy.py,sample_project\code_smells\feature_envy.py,FeatureEnvy,1,
Code Smell,Potential Divergent Change,Class 'LargeClass' at line 1 in sample_project\code_smells\large_class.py,sample_project\code_smells\large_class.py,LargeClass,1,
Code Smell,Speculative Generality,Abstract class 'LargeClass' at line 1 in sample_project\code_smells\large_class.py,sample_project\code_smells\large_class.py,LargeClass,1,
Code Smell,Lazy Class,'LazyClass' at line 1 in sample_project\code_smells\lazy_class.py,sample_project\code_smells\lazy_class.py,LazyClass,1,
Code Smell,Speculative Generality,Abstract class 'LazyClass' at line 1 in sample_project\code_smells\lazy_class.py,sample_project\code_smells\lazy_class.py,LazyClass,1,
Code Smell,Long Method,'long_method' in sample_project\code_smells\long_method.py at line 1,sample_project\code_smells\long_method.py,long_method,1,
Code Smell,Potential Shotgun Surgery,Method 'range' called in multiple places in sample_project\code_smells\long_method.py,sample_project\code_smells\long_method.py,range,,
Code Smell,Potential Shotgun Surgery,Method 'print' called in multiple places in sample_project\code_smells\long_method.py,sample_project\code_smells\long_method.py,print,,
Code Smell,Dead Code,Unused function 'long_method' in sample_project\code_smells\long_method.py,sample_project\code_smells\long_method.py,long_method,,
Code Smell,Dead Code,Unused function 'long_parameter_list' in sample_project\code_smells\long_parameter_list.py,sample_project\code_smells\long_parameter_list.py,long_parameter_list,,
Code Smell,Lazy Class,'A' at line 1 in sample_project\code_smells\message_chains.py,sample_project\code_smells\message_chains.py,A,1,
Code Smell,Lazy Class,'B' at line 5 in sample_project\code_smells\message_chains.py,sample_project\code_smells\message_chains.py,B,5,
Code Smell,Lazy Class,'C' at line 9 in sample_project\code_smells\message_chains.py,sample_project\code_smells\message_chains.py,C,9,
Code Smell,Middle Man,Class 'A' at line 1 in sample_project\code_smells\message_chains.py,sample_project\code_smells\message_chains.py,A,1,
Code Smell,Middle Man,Class 'B' at line 5 in sample_project\code_smells\message_chains.py,sample_project\code_smells\message_chains.py,B,5,
Code Smell,Temporary Field,self in class 'MiddleMan' at line 1 in sample_project\code_smells\middle_man.py,sample_project\code_smells\middle_man.py,MiddleMan,1,
Code Smell,Lazy Class,'MiddleMan' at line 1 in sample_project\code_smells\middle_man.py,sample_project\code_smells\middle_man.py,MiddleMan,1,
Code Smell,Middle Man,Class 'MiddleMan' at line 1 in sample_project\code_smells\middle_man.py,sample_project\code_smells\middle_man.py,MiddleMan,1,
Code Smell,Dead Code,Unused function 'primitive_obsession' in sample_project\code_smells\primitive_obsession.py,sample_project\code_smells\primitive_obsession.py,primitive_obsession,,
Code Smell,Lazy Class,'Parent' at line 1 in sample_project\code_smells\refused_bequest.py,sample_project\code_smells\refused_bequest.py,Parent,1,
Code Smell,Lazy Class,'Child' at line 5 in sample_project\code_smells\refused_bequest.py,sample_project\code_smells\refused_bequest.py,Child,5,
Code Smell,Speculative Generality,Abstract class 'Parent' at line 1 in sample_project\code_smells\refused_bequest.py,sample_project\code_smells\refused_bequest.py,Parent,1,
Code Smell,Speculative Generality,Abstract class 'Child' at line 5 in sample_project\code_smells\refused_bequest.py,sample_project\code_smells\refused_bequest.py,Child,5,
Code Smell,Speculative Generality,Abstract class 'ShotgunSurgery' at line 1 in sample_project\code_smells\shotgun_surgery.py,sample_project\code_smells\shotgun_surgery.py,ShotgunSurgery,1,
Code Smell,Dead Code,Unused function 'switch_statements' in sample_project\code_smells\switch_statements.py,sample_project\code_smells\switch_statements.py,switch_statements,,
Code Smell,Temporary Field,self in class 'TemporaryField' at line 1 in sample_project\code_smells\temporary_field.py,sample_project\code_smells\temporary_field.py,TemporaryField,1,
Code Smell,Lazy Class,'TemporaryField' at line 1 in sample_project\code_smells\temporary_field.py,sample_project\code_smells\temporary_field.py,TemporaryField,1,
Code Smell,Speculative Generality,Abstract class 'LargeClass' at line 1 in sample_project\structural_smells\class_size.py,sample_project\structural_smells\class_size.py,LargeClass,1,
Code Smell,Temporary Field,self in class 'HighCoupling' at line 8 in sample_project\structural_smells\coupling_between_object_classes.py,sample_project\structural_smells\coupling_between_object_classes.py,HighCoupling,8,
Code Smell,Lazy Class,'HighCoupling' at line 8 in sample_project\structural_smells\coupling_between_object_classes.py,sample_project\structural_smells\coupling_between_object_classes.py,HighCoupling,8,
Code Smell,Alternative Classes with Different Interfaces,"GrandParent, Parent, Child, GrandChild in sample_project\structural_smells\depth_of_inheritance.py",sample_project\structural_smells\depth_of_inheritance.py,"GrandParent, Parent, Child, GrandChild",,
Code Smell,Lazy Class,'GrandParent' at line 1 in sample_project\structural_smells\depth_of_inheritance.py,sample_project\structural_smells\depth_of_inheritance.py,GrandParent,1,
Code Smell,Lazy Class,'Parent' at line 4 in sample_project\structural_smells\depth_of_inheritance.py,sample_project\structural_smells\depth_of_inheritance.py,Parent,4,
Code Smell,Lazy Class,'Child' at line 7 in sample_project\structural_smells\depth_of_inheritance.py,sample_project\structural_smells\depth_of_inheritance.py,Child,7,
Code Smell,Lazy Class,'GrandChild' at line 10 in sample_project\structural_smells\depth_of_inheritance.py,sample_project\structural_smells\depth_of_inheritance.py,GrandChild,10,
Code Smell,Speculative Generality,Abstract class 'TooManyMethods' at line 1 in sample_project\structural_smells\high_number_of_methods.py,sample_project\structural_smells\high_number_of_methods.py,TooManyMethods,1,
Code Smell,Temporary Field,self in class 'LowCohesion' at line 1 in sample_project\structural_smells\lack_of_cohesion.py,sample_project\structural_smells\lack_of_cohesion.py,LowCohesion,1,
Code Smell,Potential Divergent Change,Class 'LowCohesion' at line 1 in sample_project\structural_smells\lack_of_cohesion.py,sample_project\structural_smells\lack_of_cohesion.py,LowCohesion,1,
Code Smell,Dead Code,Unused function 'long_function' in sample_project\structural_smells\lines_of_code.py,sample_project\structural_smells\lines_of_code.py,long_function,,
Code Smell,Temporary Field,self in class 'HighMPC' at line 1 in sample_project\structural_smells\message_passing_coupling.py,sample_project\structural_smells\message_passing_coupling.py,HighMPC,1,
Code Smell,Lazy Class,'HighMPC' at line 1 in sample_project\structural_smells\message_passing_coupling.py,sample_project\structural_smells\message_passing_coupling.py,HighMPC,1,
Code Smell,Alternative Classes with Different Interfaces,"BaseClass, Child1, Child2, Child3, Child4, Child5, Child6 in sample_project\structural_smells\number_of_children.py",sample_project\structural_smells\number_of_children.py,"BaseClass, Child1, Child2, Child3, Child4, Child5, Child6",,
Code Smell,Lazy Class,'BaseClass' at line 1 in sample_project\structural_smells\number_of_children.py,sample_project\structural_smells\number_of_children.py,BaseClass,1,
Code Smell,Lazy Class,'Child1' at line 4 in sample_project\structural_smells\number_of_children.py,sample_project\structural_smells\number_of_children.py,Child1,4,
Code Smell,Lazy Class,'Child2' at line 5 in sample_project\structural_smells\number_of_children.py,sample_project\structural_smells\number_of_children.py,Child2,5,
Code Smell,Lazy Class,'Child3' at line 6 in sample_project\structural_smells\number_of_children.py,sample_project\structural_smells\number_of_children.py,Child3,6,
Code Smell,Lazy Class,'Child4' at line 7 in sample_project\structural_smells\number_of_children.py,sample_project\structural_smells\number_of_children.py,Child4,7,
Code Smell,Lazy Class,'Child5' at line 8 in sample_project\structural_smells\number_of_children.py,sample_project\structural_smells\number_of_children.py,Child5,8,
Code Smell,Lazy Class,'Child6' at line 9 in sample_project\structural_smells\number_of_children.py,sample_project\structural_smells\number_of_children.py,Child6,9,
Code Smell,Alternative Classes with Different Interfaces,"Class1, Class2, Class3, Class4, Class5, Class6, Class7, Class8, Class9, Class10, Class11 in sample_project\structural_smells\number_of_classes.py",sample_project\structural_smells\number_of_classes.py,"Class1, Class2, Class3, Class4, Class5, Class6, Class7, Class8, Class9, Class10, Class11",,
Code Smell,Lazy Class,'Class1' at line 1 in sample_project\structural_smells\number_of_classes.py,sample_project\structural_smells\number_of_classes.py,Class1,1,
Code Smell,Lazy Class,'Class2' at line 2 in sample_project\structural_smells\number_of_classes.py,sample_project\structural_smells\number_of_classes.py,Class2,2,
Code Smell,Lazy Class,'Class3' at line 3 in sample_project\structural_smells\number_of_classes.py,sample_project\structural_smells\number_of_classes.py,Class3,3,
Code Smell,Lazy Class,'Class4' at line 4 in sample_project\structural_smells\number_of_classes.py,sample_project\structural_smells\number_of_classes.py,Class4,4,
Code Smell,Lazy Class,'Class5' at line 5 in sample_project\structural_smells\number_of_classes.py,sample_project\structural_smells\number_of_classes.py,Class5,5,
Code Smell,Lazy Class,'Class6' at line 6 in sample_project\structural_smells\number_of_classes.py,sample_project\structural_smells\number_of_classes.py,Class6,6,
Code Smell,Lazy Class,'Class7' at line 7 in sample_project\structural_smells\number_of_classes.py,sample_project\structural_smells\number_of_classes.py,Class7,7,
Code Smell,Lazy Class,'Class8' at line 8 in sample_project\structural_smells\number_of_classes.py,sample_project\structural_smells\number_of_classes.py,Class8,8,
Code Smell,Lazy Class,'Class9' at line 9 in sample_project\structural_smells\number_of_classes.py,sample_project\structural_smells\number_of_classes.py,Class9,9,
Code Smell,Lazy Class,'Class10' at line 10 in sample_project\structural_smells\number_of_classes.py,sample_project\structural_smells\number_of_classes.py,Class10,10,
Code Smell,Lazy Class,'Class11' at line 11 in sample_project\structural_smells\number_of_classes.py,sample_project\structural_smells\number_of_classes.py,Class11,11,
Code Smell,Speculative Generality,Abstract class 'HighResponseForClass' at line 1 in sample_project\structural_smells\response_for_class.py,sample_project\structural_smells\response_for_class.py,HighResponseForClass,1,
Code Smell,Temporary Field,self in class 'TooManyAttributes' at line 1 in sample_project\structural_smells\weighted_attribute_count.py,sample_project\structural_smells\weighted_attribute_count.py,TooManyAttributes,1,
Code Smell,Lazy Class,'TooManyAttributes' at line 1 in sample_project\structural_smells\weighted_attribute_count.py,sample_project\structural_smells\weighted_attribute_count.py,TooManyAttributes,1,
Code Smell,Lazy Class,'HighWMC' at line 1 in sample_project\structural_smells\weighted_methods_per_class.py,sample_project\structural_smells\weighted_methods_per_class.py,HighWMC,1,
Architectural Smell,Scattered Functionality,"Function 'method7' appears in modules module1, module12, module3, module7, module8, god_objects, large_class",sample_project\module1.py,module1,,
Architectural Smell,Scattered Functionality,"Function 'method4' appears in modules module1, module12, module3, module5, module7, module8, god_objects, alternative_classes, large_class, shotgun_surgery, class_size, high_number_of_methods, lack_of_cohesion, response_for_class",sample_project\module1.py,module1,,
Architectural Smell,Scattered Functionality,"Function 'method10' appears in modules module1, module12, module3, module7, module8, god_objects, large_class",sample_project\module1.py,module1,,
Architectural Smell,Scattered Functionality,"Function 'method8' appears in modules module1, module12, module3, module7, module8, god_objects, large_class",sample_project\module1.py,module1,,
Architectural Smell,Scattered Functionality,"Function 'primitive_obsession' appears in modules module1, primitive_obsession",sample_project\module1.py,module1,,
Architectural Smell,Scattered Functionality,"Function 'long_parameter_list' appears in modules module1, long_parameter_list",sample_project\module1.py,module1,,
Architectural Smell,Scattered Functionality,"Function 'method9' appears in modules module1, module12, module3, module7, module8, god_objects, large_class",sample_project\module1.py,module1,,
Architectural Smell,Scattered Functionality,"Function 'method3' appears in modules module1, module12, module2, module3, module5, module7, module8, god_objects, alternative_classes, large_class, shotgun_surgery, class_size, high_number_of_methods, lack_of_cohesion, response_for_class",sample_project\module1.py,module1,,
Architectural Smell,Scattered Functionality,"Function 'method5' appears in modules module1, module12, module3, module5, module7, module8, god_objects, large_class, shotgun_surgery, class_size, high_number_of_methods, lack_of_cohesion",sample_project\module1.py,module1,,
Architectural Smell,Scattered Functionality,"Function 'method1' appears in modules module1, module12, module2, module3, module5, module7, module8, god_objects, improper_api_usage, alternative_classes, large_class, lazy_class, middle_man, refused_bequest, shotgun_surgery, temporary_field, class_size, high_number_of_methods, lack_of_cohesion, response_for_class",sample_project\module1.py,module1,,
Architectural Smell,Scattered Functionality,"Function 'method11' appears in modules module1, module12, module3, module7, module8, god_objects, large_class",sample_project\module1.py,module1,,
Architectural Smell,Scattered Functionality,"Function 'switch_statements' appears in modules module1, switch_statements",sample_project\module1.py,module1,,
Architectural Smell,Scattered Functionality,"Function 'method6' appears in modules module1, module12, module3, module7, module8, god_objects, large_class, class_size, high_number_of_methods",sample_project\module1.py,module1,,
Architectural Smell,Scattered Functionality,"Function 'long_method' appears in modules module1, long_method",sample_project\module1.py,module1,,
Architectural Smell,Scattered Functionality,"Function 'method2' appears in modules module1, module12, module2, module3, module5, module7, module8, god_objects, alternative_classes, large_class, lazy_class, middle_man, refused_bequest, shotgun_surgery, temporary_field, class_size, high_number_of_methods, lack_of_cohesion, response_for_class",sample_project\module1.py,module1,,
Architectural Smell,Scattered Functionality,"Function 'set_field2' appears in modules module10, module2",sample_project\module10.py,module10,,
Architectural Smell,Scattered Functionality,"Function 'get_field2' appears in modules module10, module2",sample_project\module10.py,module10,,
Architectural Smell,Scattered Functionality,"Function 'set_field1' appears in modules module10, module2",sample_project\module10.py,module10,,
Architectural Smell,Scattered Functionality,"Function 'get_field1' appears in modules module10, module2",sample_project\module10.py,module10,,
Architectural Smell,Scattered Functionality,"Function '__init__' appears in modules module10, module11, module2, module3, module4, module5, module6, module7, module9, cyclic_dependencies, hub_like_dependency, data_class, feature_envy, middle_man, temporary_field, coupling_between_object_classes, lack_of_cohesion, message_passing_coupling, weighted_attribute_count",sample_project\module10.py,module10,,
Architectural Smell,Scattered Functionality,"Function 'method27' appears in modules module12, module8",sample_project\module12.py,module12,,
Architectural Smell,Scattered Functionality,"Function 'method38' appears in modules module12, module8",sample_project\module12.py,module12,,
Architectural Smell,Scattered Functionality,"Function 'method26' appears in modules module12, module8",sample_project\module12.py,module12,,
Architectural Smell,Scattered Functionality,"Function 'method18' appears in modules module12, module3, module7, module8, god_objects",sample_project\module12.py,module12,,
Architectural Smell,Scattered Functionality,"Function 'method14' appears in modules module12, module3, module7, module8, god_objects",sample_project\module12.py,module12,,
Architectural Smell,Scattered Functionality,"Function 'method41' appears in modules module12, module8",sample_project\module12.py,module12,,
Architectural Smell,Scattered Functionality,"Function 'method22' appears in modules module12, module8",sample_project\module12.py,module12,,
Architectural Smell,Scattered Functionality,"Function 'method49' appears in modules module12, module8",sample_project\module12.py,module12,,
Architectural Smell,Scattered Functionality,"Function 'method21' appears in modules module12, module3, module7, module8, god_objects",sample_project\module12.py,module12,,
Architectural Smell,Scattered Functionality,"Function 'method46' appears in modules module12, module8",sample_project\module12.py,module12,,
Architectural Smell,Scattered Functionality,"Function 'method29' appears in modules module12, module8",sample_project\module12.py,module12,,
Architectural Smell,Scattered Functionality,"Function 'method23' appears in modules module12, module8",sample_project\module12.py,module12,,
Architectural Smell,Scattered Functionality,"Function 'method45' appears in modules module12, module8",sample_project\module12.py,module12,,
Architectural Smell,Scattered Functionality,"Function 'method17' appears in modules module12, module3, module7, module8, god_objects",sample_project\module12.py,module12,,
Architectural Smell,Scattered Functionality,"Function 'method12' appears in modules module12, module3, module7, module8, god_objects",sample_project\module12.py,module12,,
Architectural Smell,Scattered Functionality,"Function 'method31' appears in modules module12, module8",sample_project\module12.py,module12,,
Architectural Smell,Scattered Functionality,"Function 'method36' appears in modules module12, module8",sample_project\module12.py,module12,,
Architectural Smell,Scattered Functionality,"Function 'method28' appears in modules module12, module8",sample_project\module12.py,module12,,
Architectural Smell,Scattered Functionality,"Function 'method33' appears in modules module12, module8",sample_project\module12.py,module12,,
Architectural Smell,Scattered Functionality,"Function 'method40' appears in modules module12, module8",sample_project\module12.py,module12,,
Architectural Smell,Scattered Functionality,"Function 'method13' appears in modules module12, module3, module7, module8, god_objects",sample_project\module12.py,module12,,
Architectural Smell,Scattered Functionality,"Function 'method39' appears in modules module12, module8",sample_project\module12.py,module12,,
Architectural Smell,Scattered Functionality,"Function 'method19' appears in modules module12, module3, module7, module8, god_objects",sample_project\module12.py,module12,,
Architectural Smell,Scattered Functionality,"Function 'method30' appears in modules module12, module8",sample_project\module12.py,module12,,
Architectural Smell,Scattered Functionality,"Function 'method43' appears in modules module12, module8",sample_project\module12.py,module12,,
Architectural Smell,Scattered Functionality,"Function 'method48' appears in modules module12, module8",sample_project\module12.py,module12,,
Architectural Smell,Scattered Functionality,"Function 'method32' appears in modules module12, module8",sample_project\module12.py,module12,,
Architectural Smell,Scattered Functionality,"Function 'method37' appears in modules module12, module8",sample_project\module12.py,module12,,
Architectural Smell,Scattered Functionality,"Function 'method16' appears in modules module12, module3, module7, module8, god_objects",sample_project\module12.py,module12,,
Architectural Smell,Scattered Functionality,"Function 'method50' appears in modules module12, module8",sample_project\module12.py,module12,,
Architectural Smell,Scattered Functionality,"Function 'method15' appears in modules module12, module3, module7, module8, god_objects",sample_project\module12.py,module12,,
Architectural Smell,Scattered Functionality,"Function 'method44' appears in modules module12, module8",sample_project\module12.py,module12,,
Architectural Smell,Scattered Functionality,"Function 'method42' appears in modules module12, module8",sample_project\module12.py,module12,,
Architectural Smell,Scattered Functionality,"Function 'method34' appears in modules module12, module8",sample_project\module12.py,module12,,
Architectural Smell,Scattered Functionality,"Function 'method25' appears in modules module12, module8",sample_project\module12.py,module12,,
Architectural Smell,Scattered Functionality,"Function 'method24' appears in modules module12, module8",sample_project\module12.py,module12,,
Architectural Smell,Scattered Functionality,"Function 'method20' appears in modules module12, module3, module7, module8, god_objects",sample_project\module12.py,module12,,
Architectural Smell,Scattered Functionality,"Function 'method35' appears in modules module12, module8",sample_project\module12.py,module12,,
Architectural Smell,Scattered Functionality,"Function 'method47' appears in modules module12, module8",sample_project\module12.py,module12,,
Architectural Smell,Scattered Functionality,"Function 'complex_method' appears in modules module4, module6, response_for_class",sample_project\module4.py,module4,,
Architectural Smell,Scattered Functionality,"Function 'use_dependencies' appears in modules module5, module6, module9",sample_project\module5.py,module5,,
Architectural Smell,Scattered Functionality,"Function 'method' appears in modules orphan_modules, feature_envy, message_passing_coupling",sample_project\architectural_smells\orphan_modules.py,orphan_modules,,
Architectural Smell,Scattered Functionality,"Function 'function2' appears in modules redundant_abstractions, data_clumps",sample_project\architectural_smells\redundant_abstractions.py,redundant_abstractions,,
Architectural Smell,Scattered Functionality,"Function 'function1' appears in modules redundant_abstractions, data_clumps",sample_project\architectural_smells\redundant_abstractions.py,redundant_abstractions,,
Architectural Smell,Potential Redundant Abstractions,"Modules module12, module8 have similar functionalities",sample_project\module12.py,module12,,
Architectural Smell,Potential Redundant Abstractions,"Modules cyclic_dependencies, hub_like_dependency, coupling_between_object_classes, weighted_attribute_count have similar functionalities",sample_project\architectural_smells\cyclic_dependencies.py,cyclic_dependencies,,
Architectural Smell,Potential Redundant Abstractions,"Modules redundant_abstractions, data_clumps have similar functionalities",sample_project\architectural_smells\redundant_abstractions.py,redundant_abstractions,,
Architectural Smell,Potential Redundant Abstractions,"Modules feature_envy, message_passing_coupling have similar functionalities",sample_project\code_smells\feature_envy.py,feature_envy,,
Architectural Smell,Potential Redundant Abstractions,"Modules lazy_class, refused_bequest have similar functionalities",sample_project\code_smells\lazy_class.py,lazy_class,,
Architectural Smell,Potential Redundant Abstractions,"Modules middle_man, temporary_field have similar functionalities",sample_project\code_smells\middle_man.py,middle_man,,
Architectural Smell,Potential Redundant Abstractions,"Modules class_size, high_number_of_methods have similar functionalities",sample_project\structural_smells\class_size.py,class_size,,
Architectural Smell,God Object,Module 'module12' has too many functions (50),sample_project\module12.py,module12,,
Architectural Smell,God Object,Module 'module3' has too many functions (27),sample_project\module3.py,module3,,
Architectural Smell,God Object,Module 'module8' has too many functions (50),sample_project\module8.py,module8,,
Architectural Smell,Potential Improper API Usage,Module 'improper_api_usage' has repetitive API calls,sample_project\architectural_smells\improper_api_usage.py,improper_api_usage,,
Architectural Smell,Potential Improper API Usage,Module 'shotgun_surgery' has repetitive API calls,sample_project\code_smells\shotgun_surgery.py,shotgun_surgery,,
Architectural Smell,Orphan Module,'module10' is not connected to other modules,sample_project\module10.py,module10,,
Architectural Smell,Orphan Module,'module11' is not connected to other modules,sample_project\module11.py,module11,,
Architectural Smell,Orphan Module,'module12' is not connected to other modules,sample_project\module12.py,module12,,
Architectural Smell,Orphan Module,'module7' is not connected to other modules,sample_project\module7.py,module7,,
Architectural Smell,Orphan Module,'module8' is not connected to other modules,sample_project\module8.py,module8,,
Architectural Smell,Orphan Module,'module9' is not connected to other modules,sample_project\module9.py,module9,,
Architectural Smell,Orphan Module,'__init__' is not connected to other modules,sample_project\__init__.py,__init__,,
Architectural Smell,Orphan Module,'god_objects' is not connected to other modules,sample_project\architectural_smells\god_objects.py,god_objects,,
Architectural Smell,Orphan Module,'hub_like_dependency' is not connected to other modules,sample_project\architectural_smells\hub_like_dependency.py,hub_like_dependency,,
Architectural Smell,Orphan Module,'improper_api_usage' is not connected to other modules,sample_project\architectural_smells\improper_api_usage.py,improper_api_usage,,
Architectural Smell,Orphan Module,'orphan_modules' is not connected to other modules,sample_project\architectural_smells\orphan_modules.py,orphan_modules,,
Architectural Smell,Orphan Module,'redundant_abstractions' is not connected to other modules,sample_project\architectural_smells\redundant_abstractions.py,redundant_abstractions,,
Architectural Smell,Orphan Module,'scattered_functionality' is not connected to other modules,sample_project\architectural_smells\scattered_functionality.py,scattered_functionality,,
Architectural Smell,Orphan Module,'unstable_dependencies' is not connected to other modules,sample_project\architectural_smells\unstable_dependencies.py,unstable_dependencies,,
Architectural Smell,Orphan Module,'alternative_classes' is not connected to other modules,sample_project\code_smells\alternative_classes.py,alternative_classes,,
Architectural Smell,Orphan Module,'data_class' is not connected to other modules,sample_project\code_smells\data_class.py,data_class,,
Architectural Smell,Orphan Module,'data_clumps' is not connected to other modules,sample_project\code_smells\data_clumps.py,data_clumps,,
Architectural Smell,Orphan Module,'divergent_change' is not connected to other modules,sample_project\code_smells\divergent_change.py,divergent_change,,
Architectural Smell,Orphan Module,'feature_envy' is not connected to other modules,sample_project\code_smells\feature_envy.py,feature_envy,,
Architectural Smell,Orphan Module,'large_class' is not connected to other modules,sample_project\code_smells\large_class.py,large_class,,
Architectural Smell,Orphan Module,'lazy_class' is not connected to other modules,sample_project\code_smells\lazy_class.py,lazy_class,,
Architectural Smell,Orphan Module,'long_method' is not connected to other modules,sample_project\code_smells\long_method.py,long_method,,
Architectural Smell,Orphan Module,'long_parameter_list' is not connected to other modules,sample_project\code_smells\long_parameter_list.py,long_parameter_list,,
Architectural Smell,Orphan Module,'message_chains' is not connected to other modules,sample_project\code_smells\message_chains.py,message_chains,,
Architectural Smell,Orphan Module,'middle_man' is not connected to other modules,sample_project\code_smells\middle_man.py,middle_man,,
Architectural Smell,Orphan Module,'primitive_obsession' is not connected to other modules,sample_project\code_smells\primitive_obsession.py,primitive_obsession,,
Architectural Smell,Orphan Module,'refused_bequest' is not connected to other modules,sample_project\code_smells\refused_bequest.py,refused_bequest,,
Architectural Smell,Orphan Module,'shotgun_surgery' is not connected to other modules,sample_project\code_smells\shotgun_surgery.py,shotgun_surgery,,
Architectural Smell,Orphan Module,'switch_statements' is not connected to other modules,sample_project\code_smells\switch_statements.py,switch_statements,,
Architectural Smell,Orphan Module,'temporary_field' is not connected to other modules,sample_project\code_smells\temporary_field.py,temporary_field,,
Architectural Smell,Orphan Module,'class_size' is not connected to other modules,sample_project\structural_smells\class_size.py,class_size,,
Architectural Smell,Orphan Module,'depth_of_inheritance' is not connected to other modules,sample_project\structural_smells\depth_of_inheritance.py,depth_of_inheritance,,
Architectural Smell,Orphan Module,'high_number_of_methods' is not connected to other modules,sample_project\structural_smells\high_number_of_methods.py,high_number_of_methods,,
Architectural Smell,Orphan Module,'lack_of_cohesion' is not connected to other modules,sample_project\structural_smells\lack_of_cohesion.py,lack_of_cohesion,,
Architectural Smell,Orphan Module,'lines_of_code' is not connected to other modules,sample_project\structural_smells\lines_of_code.py,lines_of_code,,
Architectural Smell,Orphan Module,'message_passing_coupling' is not connected to other modules,sample_project\structural_smells\message_passing_coupling.py,message_passing_coupling,,
Architectural Smell,Orphan Module,'number_of_children' is not connected to other modules,sample_project\structural_smells\number_of_children.py,number_of_children,,
Architectural Smell,Orphan Module,'number_of_classes' is not connected to other modules,sample_project\structural_smells\number_of_classes.py,number_of_classes,,
Architectural Smell,Orphan Module,'response_for_class' is not connected to other modules,sample_project\structural_smells\response_for_class.py,response_for_class,,
Architectural Smell,Orphan Module,'weighted_attribute_count' is not connected to other modules,sample_project\structural_smells\weighted_attribute_count.py,weighted_attribute_count,,
Architectural Smell,Orphan Module,'weighted_methods_per_class' is not connected to other modules,sample_project\structural_smells\weighted_methods_per_class.py,weighted_methods_per_class,,
Structural Smell,High Number of Methods (NOM),Class 'module10.DataClassWithManyFields' has 21 methods,sample_project\module10.py,module10.DataClassWithManyFields,,
Structural Smell,High Number of Methods (NOM),Class 'module12.HighNumberOfMethods' has 50 methods,sample_project\module12.py,module12.HighNumberOfMethods,,
Structural Smell,High Number of Methods (NOM),Class 'module3.GodObject' has 21 methods,sample_project\module3.py,module3.GodObject,,
Structural Smell,High Number of Methods (NOM),Class 'module7.GodClass' has 22 methods,sample_project\module7.py,module7.GodClass,,
Structural Smell,High Number of Methods (NOM),Class 'module8.LargeClassWithManyMethods' has 50 methods,sample_project\module8.py,module8.LargeClassWithManyMethods,,
Structural Smell,High Number of Methods (NOM),Class 'architectural_smells.god_objects.GodObject' has 21 methods,sample_project\architectural_smells\god_objects.py,architectural_smells.god_objects.GodObject,,
Structural Smell,High Number of Classes (NOCC),Module 'structural_smells.number_of_classes' has 11 classes,sample_project\structural_smells\number_of_classes.py,structural_smells.number_of_classes,,
Structural Smell,Deep Inheritance Tree (DIT),Module 'module2' has a deep inheritance tree,sample_project\module2.py,module2,,
Structural Smell,Deep Inheritance Tree (DIT),Module 'module3' has a deep inheritance tree,sample_project\module3.py,module3,,
Structural Smell,Deep Inheritance Tree (DIT),Module 'module5' has a deep inheritance tree,sample_project\module5.py,module5,,
Structural Smell,Deep Inheritance Tree (DIT),Module 'structural_smells.number_of_children' has a deep inheritance tree,sample_project\structural_smells\number_of_children.py,structural_smells.number_of_children,,
Structural Smell,Deep Inheritance Tree (DIT),Module 'structural_smells.number_of_classes' has a deep inheritance tree,sample_project\structural_smells\number_of_classes.py,structural_smells.number_of_classes,,
